Title,Netflix,Hulu,Prime Video,Disney+
Breaking Bad,1,0,0,0
Stranger Things,1,0,0,0
Money Heist,1,0,0,0
Sherlock,1,0,0,0
Better Call Saul,1,0,0,0
The Office,1,0,0,0
Black Mirror,1,0,0,0
Supernatural,1,0,0,0
Peaky Blinders,1,0,0,0
Avatar: The Last Airbender,1,0,0,0
The Walking Dead,1,0,0,0
Dark,1,0,0,0
Ozark,1,0,0,0
Attack on Titan,1,1,0,0
Narcos,1,0,0,0
Fullmetal Alchemist: Brotherhood,1,1,0,0
Community,1,1,0,0
Mindhunter,1,0,0,0
Parks and Recreation,1,1,1,0
Dexter,1,0,0,0
Marvel's Daredevil,1,0,0,0
The Witcher,1,0,0,0
Twin Peaks,1,1,0,0
One-Punch Man,1,1,0,0
Outlander,1,0,0,0
House of Cards,1,0,0,0
Shameless,1,0,0,0
The Good Place,1,1,0,0
The Haunting,1,0,0,0
The Blacklist,1,0,0,0
The Flash,1,0,0,0
The Last Kingdom,1,0,0,0
Mad Men,1,0,0,0
Lucifer,1,0,0,0
Orange Is the New Black,1,0,0,0
Grey's Anatomy,1,1,0,0
The End of the F***ing World,1,0,0,0
Arrested Development,1,1,0,0
The Vampire Diaries,1,0,0,0
The Crown,1,0,0,0
The 100,1,0,0,0
When They See Us,1,0,0,0
How to Get Away with Murder,1,1,0,0
After Life,1,0,0,0
Elite,1,0,0,0
BoJack Horseman,1,0,0,0
Never Have I Ever,1,0,0,0
Penny Dreadful,1,0,0,0
Marvel's Agents of S.H.I.E.L.D.,1,0,0,0
Dead to Me,1,0,0,0
Unorthodox,1,0,0,0
Sense8,1,0,0,0
Sacred Games,1,0,0,0
American Crime Story,1,0,0,0
Family Guy,1,1,0,0
Pretty Little Liars,1,1,0,0
Unbelievable,1,0,0,0
Arrow,1,0,0,0
The IT Crowd,1,0,0,0
The Twilight Zone,1,1,0,0
YOU,1,0,0,0
Sex Education,1,0,0,0
"Tiger King: Murder, Mayhem and Madness",1,0,0,0
Star Trek: The Next Generation,1,1,1,0
Broadchurch,1,0,0,0
Kingdom,1,0,0,0
Altered Carbon,1,0,0,0
The Sinner,1,0,0,0
"Love, Death & Robots",1,0,0,0
Marvel's Jessica Jones,1,0,0,0
New Girl,1,0,0,0
The Good Wife,1,1,1,0
The Umbrella Academy,1,0,0,0
Marvel's The Punisher,1,0,0,0
Ash vs Evil Dead,1,0,0,0
Master of None,1,0,0,0
Bodyguard,1,0,0,0
Schitt's Creek,1,0,1,0
Narcos: Mexico,1,0,0,0
The West Wing,1,0,0,0
Bates Motel,1,0,0,0
Atypical,1,0,0,0
Once Upon a Time,1,0,0,0
Gomorrah,1,0,0,0
Making a Murderer,1,0,0,0
Castlevania,1,0,0,0
Riverdale,1,0,0,0
Burn Notice,1,1,1,0
Fauda,1,0,0,0
Russian Doll,1,0,0,0
Our Planet,1,0,0,0
Big Mouth,1,0,0,0
Gotham,1,0,0,0
I Am Not Okay with This,1,0,0,0
The Vietnam War,1,0,0,0
Waco,1,0,0,0
Star Trek,1,1,1,0
The OA,1,0,0,0
Outer Banks,1,0,0,0
The Midnight Gospel,1,0,0,0
Good Girls,1,1,0,0
Chilling Adventures of Sabrina,1,0,0,0
Doctor Foster,1,0,0,0
Gilmore Girls,1,0,0,0
iZombie,1,0,0,0
Anne with an E,1,0,0,0
A Series of Unfortunate Events,1,0,0,0
Neon Genesis Evangelion,1,0,0,0
Into the Badlands,1,0,0,0
Monty Python's Flying Circus,1,0,0,0
Jane the Virgin,1,0,0,0
Halt and Catch Fire,1,0,0,0
Grace and Frankie,1,0,0,0
NCIS,1,0,0,0
Weeds,1,0,0,0
GLOW,1,0,0,0
13 Reasons Why,1,0,0,0
Godless,1,0,0,0
Locked Up,1,0,0,0
Mushi-Shi,1,1,1,0
Gossip Girl,1,0,0,0
Unbreakable Kimmy Schmidt,1,0,0,0
Lost in Space,1,0,0,0
Scandal,1,0,0,0
One Day at a Time,1,0,0,0
DC's Legends of Tomorrow,1,0,0,0
Manhunt,1,0,0,0
Charmed,1,0,0,0
The Dragon Prince,1,0,0,0
Locke & Key,1,0,0,0
Alias Grace,1,0,0,0
American Vandal,1,0,0,0
Santa Clarita Diet,1,0,0,0
Maniac,1,0,0,0
Star Trek: Deep Space Nine,1,1,1,0
The Dark Crystal: Age of Resistance,1,0,0,0
Colony,1,0,0,0
Wild Wild Country,1,0,0,0
Rectify,1,0,0,0
Pose,1,0,0,0
Marvel's Luke Cage,1,0,0,0
Hollywood,1,0,0,0
Derry Girls,1,0,0,0
Dark Matter,1,0,0,0
On My Block,1,0,0,0
Longmire,1,0,0,0
The Tudors,1,0,0,0
HAPPY!,1,0,0,0
The Stranger,1,0,0,0
Call the Midwife,1,0,0,0
Into the Night,1,0,0,0
Mystery Science Theater 3000,1,1,0,0
The Inbetweeners,1,0,0,0
Reign,1,0,0,0
Extras,1,0,1,0
The Kominsky Method,1,0,0,0
The 4400,1,0,0,0
The Borgias,1,0,0,0
Marco Polo,1,0,0,0
Queer Eye,1,0,0,0
The Spy,1,0,0,0
Love,1,0,0,0
Designated Survivor,1,0,0,0
Ripper Street,1,0,0,0
Hell on Wheels,1,0,0,0
The Fosters,1,0,0,0
Hawaii Five-0,1,0,0,0
Marvel's The Defenders,1,0,0,0
Supergirl,1,0,0,0
Star Trek: Voyager,1,1,1,0
Limitless,1,0,0,0
Messiah,1,0,0,0
The Shannara Chronicles,1,0,0,0
Top Boy,1,0,0,0
Jonathan Strange & Mr Norrell,1,0,0,0
Haven,1,0,0,0
Queen of the South,1,0,0,0
Hart of Dixie,1,0,0,0
Bloodline,1,0,0,0
Middleditch & Schwartz,1,0,0,0
Dirty Money,1,0,0,0
Don't F**k with Cats: Hunting an Internet Killer,1,0,0,0
Chef's Table,1,0,0,0
TURN: Washington's Spies,1,0,0,0
Crazy Ex-Girlfriend,1,0,0,0
Soul Eater,1,1,0,0
Lost Girl,1,0,0,0
Wynonna Earp,1,0,0,0
Galavant,1,0,0,0
Hilda,1,0,0,0
The Originals,1,0,0,0
Episodes,1,0,0,0
Absolutely Fabulous,1,1,0,0
Living with Yourself,1,0,0,0
F is for Family,1,0,0,0
The Keepers,1,0,0,0
Cheer,1,0,0,0
Disenchantment,1,0,0,0
Dead Set,1,0,0,0
Nurse Jackie,1,0,0,0
Imposters,1,0,0,0
Queer as Folk,1,0,1,0
Heartland,1,0,1,0
The Staircase,1,0,0,0
Madam Secretary,1,0,0,0
Chewing Gum,1,0,0,0
Glee,1,0,0,0
The Order,1,0,0,0
Helix,1,0,0,0
Safe,1,0,0,0
Evil Genius,1,0,0,0
Marvel's Iron Fist,1,0,0,0
Lilyhammer,1,0,0,0
Voltron: Legendary Defender,1,0,0,0
Marianne,1,0,0,0
Star Trek: Enterprise,1,1,1,0
Portlandia,1,0,0,0
Five Came Back,1,0,0,0
American Crime,1,0,0,0
Glitch,1,0,0,0
GHOUL,1,0,0,0
The Society,1,0,0,0
Dracula,1,0,0,0
Quantico,1,0,0,0
She-Ra and the Princesses of Power,1,0,0,0
Versailles,1,0,0,0
The Mechanism,1,0,0,0
Everything Sucks!,1,0,0,0
Raising Dion,1,0,0,0
All American,1,0,0,0
The Rain,1,0,0,0
Nailed It!,1,0,0,0
Last Tango in Halifax,1,0,0,0
Star-Crossed,1,0,0,0
The Politician,1,0,0,0
Documentary Now!,1,0,0,0
Baby,1,0,0,0
Secret City,1,0,0,0
Abstract: The Art of Design,1,0,0,0
Shooter,1,0,0,0
Marcella,1,0,0,0
The Chef Show,1,0,0,0
The Circle,1,0,0,0
The Devil Next Door,1,0,0,0
The Hollow,1,0,0,0
Frontier,1,0,0,0
Frequency,1,0,0,0
Beauty and the Beast,1,0,1,0
Cold Justice,1,0,0,0
Hyperdrive,1,0,0,0
Time: The Kalief Browder Story,1,0,0,0
The Toys That Made Us,1,0,0,0
Seven Seconds,1,0,0,0
Spinning Out,1,0,0,0
Killer Inside: The Mind of Aaron Hernandez,1,0,0,0
London Spy,1,0,0,0
Containment,1,0,0,0
Black Lightning,1,0,0,0
Derek,1,0,0,0
Last Chance U,1,0,0,0
Mars,1,0,0,0
Love is Blind,1,0,0,0
3%,1,0,0,0
Zoo,1,0,0,0
Daybreak,1,0,0,0
Hemlock Grove,1,0,0,0
Private Practice,1,1,0,0
Insatiable,1,0,0,0
No Tomorrow,1,0,0,0
Surviving R. Kelly,1,0,0,0
Easy,1,0,0,0
Self Made: Inspired by the Life of Madam C.J. Walker,1,0,0,0
Knightfall,1,0,0,0
Carmen Sandiego,1,0,0,0
Inside Bill's Brain: Decoding Bill Gates,1,0,0,0
Flint Town,1,0,0,0
Rake,1,1,1,0
Rilakkuma and Kaoru,1,0,0,0
The Frankenstein Chronicles,1,0,0,0
Wu Assassins,1,0,0,0
The Black Donnellys,1,0,0,0
Collateral,1,0,0,0
1983,1,0,0,0
November 13: Attack on Paris,1,0,0,0
The Confession Tapes,1,0,0,0
Bad Blood,1,0,0,0
The Trials of Gabriel Fernandez,1,0,0,0
Ugly Delicious,1,0,0,0
The Night Shift,1,0,0,0
Aquarius,1,0,0,0
Black Summer,1,0,0,0
Bonding,1,0,0,0
Young & Hungry,1,0,0,0
Club de Cuervos,1,0,0,0
I'm Sorry,1,0,0,0
The Chalet,1,0,0,0
My Next Guest Needs No Introduction With David Letterman,1,0,0,0
The Confession Killer,1,0,0,0
Bordertown,1,0,0,0
Battle Creek,1,0,0,0
Special,1,0,0,0
3Below: Tales of Arcadia,1,0,0,0
Mystery Science Theater 3000: The Return,1,0,0,0
Dear White People,1,0,0,0
White Gold,1,0,0,0
Dirty John,1,0,0,0
It's Bruno!,1,0,0,0
Gentefied,1,0,0,0
The Curious Creations of Christine McConnell,1,0,0,0
Trinkets,1,0,0,0
Fuller House,1,0,0,0
Dark Tourist,1,0,0,0
Great News,1,0,0,0
"Roswell, New Mexico",1,0,0,0
Friends from College,1,0,0,0
Wormwood,1,0,0,0
Watership Down,1,0,0,0
Gypsy,1,0,0,0
The Innocent Man,1,0,0,0
Tuca & Bertie,1,0,0,0
Lovesick,1,0,0,0
Mr. Iglesias,1,0,0,0
Hot Girls Wanted: Turned On,1,0,0,0
Cleverman,1,0,0,0
Taken,1,1,0,0
Paradise PD,1,0,0,0
The Messengers,1,0,0,0
Damnation,1,0,0,0
Jericho,1,0,0,0
American Odyssey,1,0,0,0
Rhythm + Flow,1,0,0,0
Carole & Tuesday,1,0,0,0
Seis Manos,1,0,0,0
Lady Dynamite,1,0,0,0
The Eddy,1,0,0,0
A.D. The Bible Continues,1,0,0,0
The Letter for the King,1,0,0,0
Diagnosis,1,0,0,0
W/ Bob & David,1,0,0,0
Queen Sono,1,0,0,0
Rotten,1,0,0,0
Requiem,1,0,0,0
October Faction,1,0,0,0
The New Legends of Monkey,1,0,0,0
Power Rangers,1,0,1,0
Bobby Kennedy for President,1,0,0,0
The Mist,1,0,0,0
The Final Table,1,0,0,0
The Family,1,0,0,0
Flaked,1,0,0,0
Dogs,1,0,0,0
Girlboss,1,0,0,0
The Assets,1,0,0,0
Nightflyers,1,0,0,0
How to Fix a Drug Scandal,1,0,0,0
Sick Note,1,0,0,0
Typewriter,1,0,0,0
I Think You Should Leave with Tim Robinson,1,0,0,0
Freud,1,0,0,0
Between,1,0,0,0
She's Gotta Have It,1,0,0,0
The Good Cop,1,0,0,0
Black Earth Rising,1,0,0,0
Tidying Up with Marie Kondo,1,0,0,0
The Windsors,1,0,0,0
Another Life,1,0,0,0
Cooked With Cannabis,1,0,0,0
The Joel McHale Show with Joel McHale,1,0,0,0
B: The Beginning,1,0,0,0
The Mysteries of Laura,1,0,0,0
Selection Day,1,0,0,0
Wanderlust,1,0,0,0
Fast & Furious Spy Racers,1,0,0,0
HAPPYish,1,0,0,0
Chambers,1,0,0,0
White Lines,1,0,0,0
Rebellion,1,0,0,0
Chelsea Does,1,0,0,0
Life Sentence,1,0,0,0
Disjointed,1,0,0,0
Kantaro: The Sweet Tooth Salaryman,1,0,0,0
Dating Around,1,0,0,0
Traitors,1,0,0,0
Trigger Warning with Killer Mike,1,0,0,0
Final Fantasy XIV: Dad of Light,1,0,0,0
Champions,1,1,0,0
Haters Back Off,1,0,0,0
No Good Nick,1,0,0,0
Family Reunion,1,0,0,0
Kiss Me First,1,0,0,0
The Honeymoon Stand Up Special,1,0,0,0
Valor,1,0,0,0
The I-Land,1,0,0,0
Neo Yokio,1,0,0,0
Brews Brothers,1,0,0,0
Troy: Fall of a City,1,0,0,0
Marseille,1,0,0,0
"Breakfast, Lunch & Dinner",1,0,0,0
Rapture,1,0,0,0
Cooper Barrett's Guide to Surviving Life,1,0,0,0
The Mr. Peabody & Sherman Show,1,0,0,0
Huge in France,1,0,0,0
Bill Nye Saves the World,1,0,0,0
Chelsea,1,0,0,0
Powder,1,0,0,0
Sid the Science Kid,1,0,0,0
Behind Enemy Lines,1,0,0,0
The Break with Michelle Wolf,1,0,0,0
Prank Encounters,1,0,0,0
The Comedy Lineup,1,0,0,0
Baby Daddy,1,0,0,0
Pacific Heat,1,0,0,0
All About the Washingtons,1,0,0,0
The Goop Lab,1,0,0,0
Westside,1,0,0,0
The In-Laws,1,0,0,0
Rick and Morty,0,1,0,0
Fargo,0,1,0,0
Vikings,0,1,1,0
Brooklyn Nine-Nine,0,1,0,0
The Simpsons,0,1,0,1
Lost,0,1,0,0
Prison Break,0,1,0,0
Modern Family,0,1,0,0
Firefly,0,1,0,0
Seinfeld,0,1,0,0
It's Always Sunny in Philadelphia,0,1,0,0
Killing Eve,0,1,0,0
South Park,0,1,0,0
How I Met Your Mother,0,1,0,0
Futurama,0,1,0,0
The Handmaid's Tale,0,1,0,0
Sons of Anarchy,0,1,0,0
Gravity Falls,0,1,0,1
What We Do in the Shadows,0,1,0,0
Archer,0,1,0,0
This Is Us,0,1,0,0
Pride and Prejudice,0,1,1,0
Justified,0,1,0,0
Scrubs,0,1,0,0
The X-Files,0,1,0,0
My Hero Academia,0,1,0,0
Adventure Time,0,1,0,0
24,0,1,0,0
White Collar,0,1,0,0
Friday Night Lights,0,1,0,0
Mr. Bean,0,1,1,0
Buffy the Vampire Slayer,0,1,0,0
Bob's Burgers,0,1,0,0
30 Rock,0,1,1,0
Legion,0,1,0,0
Elementary,0,1,0,0
Taboo,0,1,0,0
Atlanta,0,1,0,0
The Shield,0,1,0,0
Black Books,0,1,1,0
09-01-2001,0,1,0,0
Misfits,0,1,0,0
Veronica Mars,0,1,0,0
11.22.63,0,1,0,0
Frasier,0,1,0,0
Line of Duty,0,1,0,0
Bones,0,1,1,0
Steins;Gate,0,1,0,0
The Killing,0,1,0,0
Preacher,0,1,0,0
The Orville,0,1,0,0
Peep show,0,1,1,0
Desperate Housewives,0,1,0,0
RuPaul's Drag Race,0,1,1,0
Battlestar Galactica,0,1,0,0
Over the Garden Wall,0,1,0,0
Revenge,0,1,0,0
Tokyo Ghoul,0,1,0,0
Superstore,0,1,0,0
Lie to Me,0,1,0,0
Spaced,0,1,0,0
12 Monkeys,0,1,0,0
Blue Bloods,0,1,1,0
Devs,0,1,0,0
The Rookie,0,1,0,0
DAVE,0,1,0,0
Younger,0,1,0,0
Smallville,0,1,0,0
Dirk Gently's Holistic Detective Agency,0,1,0,0
Broad City,0,1,0,0
Workaholics,0,1,1,0
Dead Like Me,0,1,1,0
Nathan For You,0,1,0,0
Angel,0,1,0,0
Timeless,0,1,0,0
Castle Rock,0,1,0,0
Fresh Off the Boat,0,1,0,0
You're the Worst,0,1,0,0
The Affair,0,1,0,0
Elfen Lied,0,1,1,0
The Last Ship,0,1,0,0
Everybody Hates Chris,0,1,0,0
Raising Hope,0,1,0,0
Boston Legal,0,1,0,0
The Terror,0,1,0,0
Future Man,0,1,0,0
Inside No. 9,0,1,0,0
Zoey's Extraordinary Playlist,0,1,0,0
The Strain,0,1,0,0
The Venture Bros.,0,1,0,0
The League,0,1,0,0
Parenthood,0,1,0,0
Samurai Champloo,0,1,0,0
Mrs. America,0,1,0,0
Marvel's Runaways,0,1,0,1
Please Like Me,0,1,0,0
My Name Is Earl,0,1,0,0
Little Fires Everywhere,0,1,0,0
The Act,0,1,0,0
Dollhouse,0,1,0,0
Southland,0,1,0,0
Damages,0,1,0,0
Looking for Alaska,0,1,0,0
Legend of the Seeker,0,1,0,0
The Exorcist,0,1,0,0
Awkward.,0,1,1,0
Brockmire,0,1,0,0
High Fidelity,0,1,0,0
Better Things,0,1,0,0
Happy Endings,0,1,0,0
Fear the Walking Dead,0,1,0,0
TRIGUN,0,1,0,0
In the Flesh,0,1,0,0
Better Off Ted,0,1,0,0
The Gifted,0,1,0,0
Lethal Weapon,0,1,0,0
The Last Man on Earth,0,1,0,0
Sleepy Hollow,0,1,0,0
Rescue Me,0,1,0,0
Horace and Pete,0,1,0,0
Snowfall,0,1,0,0
Shadowhunters,0,1,0,0
Top of the Lake,0,1,0,0
Prime Suspect,0,1,0,0
Deutschland,0,1,0,0
Rizzoli & Isles,0,1,0,0
Stargate Universe,0,1,1,0
Key & Peele,0,1,0,0
The Mighty Boosh,0,1,0,0
Stumptown,0,1,0,0
The Mindy Project,0,1,0,0
Empire,0,1,0,0
The Librarians,0,1,0,0
Manifest,0,1,0,0
Nip/Tuck,0,1,0,0
New Amsterdam,0,1,0,0
Hellsing Ultimate,0,1,0,0
Ugly Betty,0,1,0,0
black-ish,0,1,0,0
Marvel's Cloak & Dagger,0,1,0,0
Wilfred,0,1,0,0
Catch-22,0,1,0,0
Invader Zim,0,1,0,0
For Life,0,1,0,0
Wayward Pines,0,1,0,0
Sailor Moon,0,1,0,0
Home Movies,0,1,0,0
Mr Inbetween,0,1,0,0
Mayans M.C.,0,1,0,0
The Unit,0,1,0,0
Nashville,0,1,0,0
NYPD Blue,0,1,1,0
Ramy,0,1,0,0
Don't Trust the B---- in Apartment 23,0,1,0,0
Cougar Town,0,1,1,0
Motherland: Fort Salem,0,1,0,0
Bunheads,0,1,0,0
Afro Samurai,0,1,0,0
Graceland,0,1,0,0
Scream Queens,0,1,0,0
Genius,0,1,0,0
The Looming Tower,0,1,0,0
Pinky and the Brain,0,1,0,0
Emergence,0,1,0,0
Terriers,0,1,0,0
UnREAL,0,1,0,0
The Hitchhiker's Guide to the Galaxy,0,1,1,0
Witches of East End,0,1,0,0
Harlots,0,1,0,0
Good Behavior,0,1,0,0
RuPaul's Drag Race All Stars,0,1,0,0
The Outer Limits,0,1,0,0
Salem,0,1,0,0
The Hot Zone,0,1,0,0
Baskets,0,1,0,0
Make It or Break It,0,1,0,0
A Million Little Things,0,1,0,0
Man Seeking Woman,0,1,0,0
Wu-Tang: An American Saga,0,1,0,0
Ally McBeal,0,1,0,0
The Detour,0,1,0,0
My Mad Fat Diary,0,1,0,0
PEN15,0,1,0,0
Roseanne,0,1,0,0
Touch,0,1,0,0
The Baker and the Beauty,0,1,0,0
SIX,0,1,0,0
Legit,0,1,0,0
The Brady Bunch,0,1,0,0
Body of Proof,0,1,0,0
Roots,0,1,0,0
Whitechapel,0,1,0,0
Tyrant,0,1,0,0
Breeders,0,1,0,0
Everything's Gonna Be Okay,0,1,0,0
Casual,0,1,0,0
Chance,0,1,0,0
Yu Yu Hakusho,0,1,1,0
Pretty Little Liars: The Perfectionists,0,1,0,0
Greek,0,1,0,0
The Wrong Mans,0,1,0,0
Legends,0,1,0,0
Shrill,0,1,0,0
Underground,0,1,0,0
The Path,0,1,0,0
Lodge 49,0,1,0,0
Angie Tribeca,0,1,0,0
Prodigal Son,0,1,0,0
Single Parents,0,1,0,0
Trust,0,1,0,0
The Glades,0,1,0,0
10 Things I Hate About You,0,1,0,0
NOS4A2,0,1,0,0
Twisted,0,1,0,0
Making It,0,1,0,0
Queen Sugar,0,1,0,0
Mary Kills People,0,1,0,0
I Am the Night,0,1,0,0
Holey Moley,0,1,0,0
Claws,0,1,0,0
Sealab 2021,0,1,0,0
Atlantis,0,1,0,0
Reprisal,0,1,0,0
The Event,0,1,0,0
American Gothic,0,1,0,0
LEGO Masters,0,1,0,0
Bless This Mess,0,1,0,0
Schooled,0,1,0,0
Breakout Kings,0,1,0,0
Pitch,0,1,0,0
The Long Road Home,0,1,0,0
Outsourced,0,1,0,0
Into the Dark,0,1,0,0
Clique,0,1,0,0
The Son,0,1,0,0
Songland,0,1,0,0
Lincoln Rhyme: Hunt for the Bone Collector,0,1,0,0
Saving Grace,0,1,0,0
This Country,0,1,0,0
The First,0,1,0,0
The Purge,0,1,0,0
Difficult People,0,1,0,0
Apple Tree Yard,0,1,0,0
The Firm,0,1,0,0
National Treasure,0,1,0,0
Time After Time,0,1,0,0
I'm Dying Up Here,0,1,0,0
The Cool Kids,0,1,0,0
The Conners,0,1,0,0
Samantha Who?,0,1,0,0
Shots Fired,0,1,0,0
Detroit 1-8-7,0,1,0,0
The Carmichael Show,0,1,0,0
Spy,0,1,0,0
24: Legacy,0,1,0,0
Ghosted,0,1,0,0
mixed-ish,0,1,0,0
Thief,0,1,0,0
Dirty Sexy Money,0,1,0,0
Deputy,0,1,0,0
Eli Stone,0,1,0,0
Shark,0,1,0,0
Shut Eye,0,1,0,0
Space Dandy,0,1,0,0
Fosse/Verdon,0,1,0,0
Light as a Feather,0,1,0,0
American Idol,0,1,0,0
Almost Family,0,1,0,0
Dimension 404,0,1,0,0
The Most Dangerous Animal of All,0,1,0,0
Alone Together,0,1,0,0
Inside Amy Schumer,0,1,0,0
Dice,0,1,0,0
Duncanville,0,1,0,0
Bluff City Law,0,1,0,0
Rosewood,0,1,0,0
Intruders,0,1,0,0
Graves,0,1,0,0
Perfect Harmony,0,1,0,0
Hillary,0,1,0,0
The Bastard Executioner,0,1,0,0
Utopia Falls,0,1,0,0
Damien,0,1,0,0
Hard Sun,0,1,0,0
Married,0,1,0,0
Reef Break,0,1,0,0
The Slap,0,1,1,0
The Moodys,0,1,0,0
Dietland,0,1,0,0
Son of Zorn,0,1,0,0
Outmatched,0,1,0,0
The Bachelorette,0,1,0,0
Axe Cop,0,1,0,0
The Hills,0,1,1,0
The Lowe Files,0,1,1,0
Council of Dads,0,1,0,0
Criminal Minds: Suspect Behavior,0,1,1,0
Agent X,0,1,0,0
Melrose Place,0,1,0,0
The Comedians,0,1,0,0
"I Love You, America",0,1,0,0
Vanished,0,1,0,0
The Weekly,0,1,0,0
Bless the Harts,0,1,0,0
Feed the Beast,0,1,0,0
Seed,0,1,0,0
Matador,0,1,0,0
High School USA!,0,1,0,0
The Hotwives of Orlando,0,1,0,0
Sherman's Showcase,0,1,0,0
Flirty Dancing,0,1,0,0
Indebted,0,1,0,0
Saved by the Bell: The College Years,0,1,0,0
I Am Cait,0,1,0,0
A Little Late with Lilly Singh,0,1,0,0
Man Up!,0,1,0,0
Napoleon Dynamite,0,1,0,0
.hack,0,1,0,0
What Just Happened??! with Fred Savage,0,1,0,0
The Wire,0,0,1,0
Band of Brothers,0,0,1,0
The Sopranos,0,0,1,0
House,0,0,1,0
Mr. Robot,0,0,1,0
Suits,0,0,1,0
The Boys,0,0,1,0
The Expanse,0,0,1,0
Fleabag,0,0,1,0
Rome,0,0,1,0
Bosch,0,0,1,0
The Marvelous Mrs. Maisel,0,0,1,0
Hannibal,0,0,1,0
Curb Your Enthusiasm,0,0,1,0
Boardwalk Empire,0,0,1,0
The Americans,0,0,1,0
Luther,0,0,1,0
Orphan Black,0,0,1,0
Six Feet Under,0,0,1,0
Chuck,0,0,1,0
Psych,0,0,1,0
Deadwood,0,0,1,0
The Man in the High Castle,0,0,1,0
Veep,0,0,1,0
Banshee,0,0,1,0
Oz,0,0,1,0
Tom Clancy's Jack Ryan,0,0,1,0
True Blood,0,0,1,0
Good Omens,0,0,1,0
Teen Wolf,0,0,1,0
The Pacific,0,0,1,0
Grimm,0,0,1,0
The Fall,0,0,1,0
The Night Manager,0,0,1,0
The Grand Tour,0,0,1,0
The Newsroom,0,0,1,0
Counterpart,0,0,1,0
Californication,0,0,1,0
Homecoming,0,0,1,0
Flight of the Conchords,0,0,1,0
Entourage,0,0,1,0
Sneaky Pete,0,0,1,0
Undone,0,0,1,0
Generation Kill,0,0,1,0
Humans,0,0,1,0
Farscape,0,0,1,0
Monk,0,0,1,0
The Thick of It,0,0,1,0
The Missing,0,0,1,0
Carnival Row,0,0,1,0
Eastbound & Down,0,0,1,0
Father Ted,0,0,1,0
Poldark,0,0,1,0
Goliath,0,0,1,0
Girls,0,0,1,0
Catastrophe,0,0,1,0
John Adams,0,0,1,0
River,0,0,1,0
Sex and the City,0,0,1,0
The Lost Room,0,0,1,0
Escape at Dannemora,0,0,1,0
Tales from the Loop,0,0,1,0
Modern Love,0,0,1,0
Boss,0,0,1,0
Mozart in the Jungle,0,0,1,0
Hanna,0,0,1,0
The Durrells,0,0,1,0
Gavin & Stacey,0,0,1,0
Angels in America,0,0,1,0
Defiance,0,0,1,0
The Addams Family,0,0,1,0
Patrick Melrose,0,0,1,0
Treme,0,0,1,0
Hunters,0,0,1,0
Red Oaks,0,0,1,0
ZeroZeroZero,0,0,1,0
The Tick,0,0,1,0
Patriot,0,0,1,0
The Planets,0,0,1,0
In Treatment,0,0,1,0
Bored to Death,0,0,1,0
Mr. Show with Bob and David,0,0,1,0
Mildred Pierce,0,0,1,0
House of Lies,0,0,1,0
Transparent,0,0,1,0
Endeavour,0,0,1,0
"Eerie, Indiana",0,0,1,0
Fortitude,0,0,1,0
BrainDead,0,0,1,0
A Very English Scandal,0,0,1,0
Victoria,0,0,1,0
Philip K. Dick's Electric Dreams,0,0,1,0
Big Love,0,0,1,0
Harper's Island,0,0,1,0
Salvation,0,0,1,0
The Tunnel,0,0,1,0
Extant,0,0,1,0
Flesh and Bone,0,0,1,0
Hung,0,0,1,0
Home Fires,0,0,1,0
Enlightened,0,0,1,0
Briarpatch,0,0,1,0
Wolf Hall,0,0,1,0
The Comeback,0,0,1,0
Absentia,0,0,1,0
Tin Star,0,0,1,0
Too Old to Die Young,0,0,1,0
How to Make It in America,0,0,1,0
Howards End,0,0,1,0
Conversations with a Killer: The Ted Bundy Tapes,0,0,1,0
Grantchester,0,0,1,0
Britannia,0,0,1,0
Life's Too Short,0,0,1,0
Forever,0,0,1,0
Hunted,0,0,1,0
Good Girls Revolt,0,0,1,0
Klondike,0,0,1,0
Mad Dogs,0,0,1,0
Cold Feet,0,0,1,0
Tell Me You Love Me,0,0,1,0
Hello Ladies,0,0,1,0
Alpha House,0,0,1,0
Family Tree,0,0,1,0
The Kettering Incident,0,0,1,0
The ABC Murders,0,0,1,0
Jean-Claude Van Johnson,0,0,1,0
Little Women,0,0,1,0
Lucky Louie,0,0,1,0
Indian Summers,0,0,1,0
Comrade Detective,0,0,1,0
Doctor Thorne,0,0,1,0
Hand of God,0,0,1,0
A Gifted Man,0,0,1,0
Mercy Street,0,0,1,0
Garfunkel and Oates,0,0,1,0
Breaking In,0,0,1,0
The Last Tycoon,0,0,1,0
The Widow,0,0,1,0
The Pale Horse,0,0,1,0
Lore,0,0,1,0
The Romanoffs,0,0,1,0
Angry Boys,0,0,1,0
Beware the Batman,0,0,1,0
Betas,0,0,1,0
When the Levees Broke: A Requiem in Four Acts,0,0,1,0
Picnic at Hanging Rock,0,0,1,0
I Love Dick,0,0,1,0
Neverland,0,0,1,0
Making the Cut,0,0,1,0
The Last Post,0,0,1,0
Falling Water,0,0,1,0
The Bible,0,0,1,0
Little Britain USA,0,0,1,0
Texas Rising,0,0,1,0
Titanic,0,0,1,0
Accidentally on Purpose,0,0,1,0
Crisis in Six Scenes,0,0,1,0
Moby Dick,0,0,1,0
This Giant Beast That Is The Global Economy,0,0,1,0
Undercover,0,0,1,0
The Dangerous Book for Boys,0,0,1,0
The New Yorker Presents,0,0,1,0
Anna Karenina,0,0,1,0
Funny or Die Presents,0,0,1,0
Budding Prospects,0,0,1,0
Prime Suspect: Tennison,0,0,1,0
Hearts Afire,0,0,1,0
Great Expectations,0,0,1,0
The Simple Life,0,0,1,0
Flash Gordon,0,0,1,0
Rebel,0,0,1,0
"Glenn Martin, DDS",0,0,1,0
Danger & Eggs,0,0,1,0
The Mandalorian,0,0,0,1
Star Wars: The Clone Wars,0,0,0,1
Marvel's Agent Carter,0,0,0,1
Star Wars Rebels,0,0,0,1
DuckTales,0,0,0,1
X-Men,0,0,0,1
One Strange Rock,0,0,0,1
High School Musical: The Musical: The Series,0,0,0,1
The Imagineering Story,0,0,0,1
Lizzie McGuire,0,0,0,1
Wolverine and the X-Men,0,0,0,1
The World According to Jeff Goldblum,0,0,0,1
The Muppets,0,0,0,1
Star Wars Resistance,0,0,0,1
Marvel's Inhumans,0,0,0,1
Diary of a Future President,0,0,0,1
Encore!,0,0,0,1
Spider-Man Unlimited,0,0,0,1
The Super Hero Squad Show,0,0,0,1
Marvel's Hero Project,0,0,0,1
